,Name,Age,Team,PA,1B,2B,3B,HR,R,SO,SB,BB,HBP,wOBA,wRAA,BA,SLG,OBP,BAbip,bat-WAR,Reliability
0,A.J. Wright,27.0,Ottawa Titans,420.91139999999996,60,22,1,13,74,93,7,54,13,0.3482129186602871,17.10739730435461,0.27586206896551724,0.45689655172413796,0.3872548949731464,0.33877551020408164,1.710739730435461,1.0
1,Aaron Altherr,33.0,Tri-City Valley Cats,303.24324324324317,44,13,0,16,52,80,6,33,6,0.36563455149501667,15.399703241623127,0.28076923076923077,0.5153846153846153,0.3693404634581106,0.3433734939759036,1.5399703241623128,0.9025
2,Aaron Beck,25.0,Evansville Otters,160.53199999999998,24,7,0,3,21,35,3,14,3,0.2889620253164557,-1.9796449550969215,0.24285714285714285,0.35714285714285715,0.31769366855206443,0.30097087378640774,-0.19796449550969214,0.17000000000000004
3,Abdiel Diaz,29.0,Gateway Grizzlies,300.1095290251917,54,8,0,3,36,50,20,35,2,0.29832542372881354,1.3009323062013305,0.25390625,0.3203125,0.3398759124087591,0.3024390243902439,0.13009323062013306,1.0
4,Abraham Mow,24.0,Sussex County Miners,210.09799999999998,31,7,1,3,24,46,4,20,4,0.2795242718446602,-3.978220946876921,0.23204419889502761,0.3314917127071823,0.31413911603156625,0.2932330827067669,-0.39782209468769214,0.37250000000000005
5,Abraham Sequera,25.0,Washington WildThings,203.66,27,8,1,3,28,45,5,19,3,0.2743618090452261,-4.7407548234937025,0.2215909090909091,0.32954545454545453,0.2995188058528921,0.27906976744186046,-0.47407548234937025,0.35
6,Adan Fernandez,25.0,Capitales de Québec,161.131,22,5,0,3,20,37,5,16,4,0.2708481012658228,-3.8648641383294366,0.21897810218978103,0.32116788321167883,0.3103065207812277,0.2755102040816326,-0.3864864138329437,0.1725
7,Alec Craig,27.0,Schaumburg Boomers,429.92499999999995,64,12,2,4,66,69,34,85,9,0.33275586854460093,16.901583532432696,0.24848484848484848,0.3333333333333333,0.4093737279758098,0.30115830115830117,1.6901583532432696,1.0
8,Alex Hernandez,25.0,Gateway Grizzlies,260.565,29,8,0,3,25,85,1,22,8,0.22572619047619047,-17.382459536794645,0.18099547511312217,0.2579185520361991,0.26864697868094334,0.27611940298507465,-1.7382459536794646,0.8375
9,Alex Toral,25.0,New Jersey Jackals,365.8692,37,14,0,29,67,83,1,66,3,0.42345879120879126,34.60379908906128,0.27491408934707906,0.6219931271477663,0.4072493667135687,0.2786885245901639,3.4603799089061282,1.0
10,Alfredo Marte,35.0,New Jersey Jackals,369.28034371643395,58,22,0,17,60,52,8,29,6,0.36194550408719345,18.373362367311763,0.2930513595166163,0.513595166163142,0.35745200698080276,0.3041825095057034,1.8373362367311763,1.0
11,Andres Rios,27.0,Florence Y'Alls,171.1398,25,6,0,2,20,36,5,16,6,0.267562874251497,-3.4664554012605473,0.23076923076923078,0.3146853146853147,0.32137468899694865,0.2897196261682243,-0.34664554012605475,0.2975
12,Andrew Czech,27.0,Washington WildThings,397.31,51,19,1,16,60,81,2,67,2,0.37800507614213197,21.435677717892,0.27102803738317754,0.48598130841121495,0.392640507412348,0.31140350877192985,2.1435677717891997,1.0
13,Andrew Penner,29.0,Gateway Grizzlies,395.50930996714135,76,16,2,5,64,72,10,37,13,0.32205115089514064,8.099053744696882,0.2911764705882353,0.3941176470588235,0.3767294378288562,0.3560606060606061,0.8099053744696881,1.0
14,Anthony Brocato,28.0,Washington WildThings,383.972,49,19,1,25,67,102,8,35,5,0.3761368421052632,23.216535019267706,0.28059701492537314,0.5671641791044776,0.3489837800672966,0.323943661971831,2.321653501926771,1.0
15,Austin Bost,24.0,Evansville Otters,172.172,25,6,0,3,22,38,4,17,3,0.2803727810650887,-3.316833914465798,0.22972972972972974,0.3310810810810811,0.31363984852356946,0.28703703703703703,-0.3316833914465798,0.21499999999999997
16,Austin Davis,24.0,Ottawa Titans,227.55599999999998,37,9,1,3,29,43,14,21,3,0.29758558558558557,0.799935492731239,0.25510204081632654,0.35714285714285715,0.3251946773541458,0.3092105263157895,0.0799935492731239,0.44499999999999995
17,Austin Dennis,27.0,New York Boulders,247.99259999999998,45,10,0,3,41,36,15,28,3,0.3170408163265306,5.014873324921911,0.27751196172248804,0.3684210526315789,0.35888167630808343,0.3142857142857143,0.5014873324921911,1.0
18,Austin Markmann,26.0,Aigles de Trois-Rivières,290.49039999999997,38,14,2,7,36,69,3,20,4,0.2849166666666667,-6.020580995809444,0.23193916349809887,0.38022813688212925,0.2926086369807746,0.2872340425531915,-0.6020580995809444,0.9525
19,Austin White,24.0,New Jersey Jackals,241.2816,41,6,2,0,34,39,17,27,3,0.2756176470588236,-3.0478061524592706,0.23671497584541062,0.28502415458937197,0.3274182531946075,0.28994082840236685,-0.30478061524592703,1.0
20,Blake Berry,26.0,Schaumburg Boomers,348.65999999999997,64,8,0,2,45,41,10,37,4,0.2781040462427745,-8.33748260678883,0.24584717607973422,0.292358803986711,0.32983422245167215,0.2748091603053435,-0.8337482606788831,1.0
21,Blake Grant-Parks,30.0,Schaumburg Boomers,231.65938864628816,41,14,0,2,22,50,0,17,3,0.3059867841409692,-1.1373294883701626,0.2766990291262136,0.3737864077669903,0.3323845428840717,0.3548387096774194,-0.11373294883701626,0.905
22,Brandon Bannon,24.0,Ottawa Titans,198.058,26,6,1,3,25,41,4,21,3,0.2712319587628866,-5.610403313979226,0.21301775147928995,0.3136094674556213,0.30294156257257976,0.2619047619047619,-0.5610403313979226,0.3225
23,Bren Spillane,27.0,Windy City ThunderBolts,345.6004,32,18,1,17,51,102,17,40,5,0.3327259475218659,10.177649083498324,0.2305084745762712,0.4711864406779661,0.326967214158317,0.2849162011173184,1.0177649083498324,1.0
24,Brendon Dadson,27.0,Aigles de Trois-Rivières,354.3768,46,21,0,9,52,66,3,53,4,0.34564204545454547,10.759596807792045,0.2585034013605442,0.4217687074829932,0.3753067356553815,0.30454545454545456,1.0759596807792045,1.0
25,Brennan Price,28.0,Florence Y'Alls,388.21999999999997,52,19,0,23,69,82,2,59,13,0.40703376623376614,34.65343756440872,0.3032258064516129,0.5870967741935483,0.4275926021328113,0.34134615384615385,3.465343756440872,1.0
26,Brett Milazzo,29.0,Schaumburg Boomers,331.6538882803943,62,10,2,3,47,50,23,39,11,0.31452887537993923,8.03972612868064,0.2779783393501805,0.36101083032490977,0.3829293262879789,0.3274336283185841,0.803972612868064,1.0
27,Brian Fuentes,25.0,Florence Y'Alls,390.548,57,19,2,7,46,95,7,46,6,0.319038860103627,4.536627421038508,0.2552552552552553,0.38738738738738737,0.3507891475567664,0.33620689655172414,0.4536627421038508,1.0
28,Broc Mortensen,25.0,Joliet Slammers,201.26399999999998,33,6,0,3,23,51,7,17,4,0.27638071065989844,-3.721059815772001,0.24,0.32571428571428573,0.31302170283806346,0.319672131147541,-0.3721059815772001,0.33999999999999997
29,Brock Ephan,27.0,Aigles de Trois-Rivières,132.832,18,4,0,2,16,31,3,12,3,0.25561538461538463,-5.107529429672403,0.21052631578947367,0.2982456140350877,0.2936039508552156,0.2682926829268293,-0.5107529429672403,0.06000000000000005
30,Bryan Leef,27.0,Capitales de Québec,278.71,38,9,2,12,45,97,8,16,9,0.30208,1.6387732231685435,0.24497991967871485,0.44176706827309237,0.3085644576800259,0.3475177304964539,0.16387732231685434,0.8200000000000001
31,Bryan Rosario,25.0,Evansville Otters,288.4784,52,7,1,0,40,56,37,32,9,0.2743531468531468,0.7492043066456906,0.2459016393442623,0.2827868852459016,0.35011286806915176,0.31746031746031744,0.07492043066456906,0.96
32,Cale Jones,25.0,Tri-City Valley Cats,144.958,21,5,0,2,18,35,3,14,2,0.27123239436619717,-4.043979617021592,0.224,0.312,0.3035361966914555,0.29213483146067415,-0.40439796170215925,0.10499999999999998
33,Caleb Feuerstake,26.0,Aigles de Trois-Rivières,141.84799999999998,21,4,0,3,19,32,4,14,3,0.2825539568345324,-2.1470166006751032,0.23140495867768596,0.33884297520661155,0.31724099035587394,0.28735632183908044,-0.21470166006751032,0.09499999999999997
34,Caleb McNeely,24.0,Washington WildThings,164.948,25,6,0,4,24,39,7,15,4,0.2944478527607362,-0.3673493571494624,0.24475524475524477,0.3706293706293706,0.32737590028372576,0.3069306930693069,-0.03673493571494624,0.18500000000000005
35,Canice Ejoh,27.0,Aigles de Trois-Rivières,175.0536,24,6,1,2,26,47,6,22,4,0.28638728323699425,-1.5608692843309113,0.22448979591836735,0.3197278911564626,0.3370396267200446,0.3163265306122449,-0.15608692843309113,0.6599999999999999
36,Carson Clowers,24.0,Washington WildThings,210.09799999999998,33,7,1,2,24,46,12,18,4,0.2729365853658537,-3.749723163516488,0.23626373626373626,0.31868131868131866,0.3093794324553304,0.3037037037037037,-0.3749723163516488,0.37250000000000005
37,Carson Matthews,24.0,Windy City ThunderBolts,210.09799999999998,27,8,2,3,24,50,5,16,3,0.26251941747572816,-6.706780328430834,0.21505376344086022,0.3279569892473118,0.2808213309979153,0.27611940298507465,-0.6706780328430834,0.37250000000000005
38,Carson McCusker,26.0,Tri-City Valley Cats,258.068,45,16,0,17,58,56,3,23,0,0.42857421874999996,24.632659440758033,0.33766233766233766,0.6277056277056277,0.3913697165088272,0.38125,2.463265944075803,1.0
39,Chase Dawson,27.0,Schaumburg Boomers,432.77139999999997,82,19,13,5,80,40,34,35,9,0.3515594405594406,22.032884256887225,0.3123359580052493,0.46981627296587924,0.3766422642531369,0.3352941176470588,2.2032884256887226,1.0
41,Chris Kwitzer,29.0,New York Boulders,374.5892661555312,64,21,2,11,54,86,12,22,5,0.330994623655914,8.461739088159907,0.2857142857142857,0.45481049562682213,0.3336988304093567,0.35080645161290325,0.8461739088159907,1.0
42,Christian Fedko,26.0,Joliet Slammers,265.21999999999997,43,10,1,4,33,45,8,28,5,0.3033664122137405,0.61290547556557,0.2555066079295154,0.36123348017621143,0.3431113792323355,0.3,0.061290547556556996,0.6125
43,Ciaran Devenney,26.0,Tri-City Valley Cats,141.7288,19,5,0,3,18,32,3,12,3,0.26878417266187055,-3.9749874192440036,0.21951219512195122,0.3333333333333333,0.2963406167271578,0.2696629213483146,-0.3974987419244004,0.14249999999999996
44,Cito Culver,31.0,Tri-City Valley Cats,372.47007616974975,56,14,1,7,51,70,6,57,2,0.3309837398373984,6.561919452161803,0.2549019607843137,0.3758169934640523,0.36781478235465964,0.30472103004291845,0.6561919452161803,1.0
45,Clint Freeman,33.0,Gateway Grizzlies,330.2702702702702,46,14,0,12,44,56,1,24,4,0.30026139817629177,-3.1336010011776327,0.24242424242424243,0.4107744107744108,0.30278232405891986,0.2575107296137339,-0.3133601001177633,1.0
46,Cole Barr,26.0,Gateway Grizzlies,149.596,21,5,0,3,19,37,4,13,3,0.2709047619047619,-3.8468941102075567,0.2230769230769231,0.33076923076923076,0.3008101820904302,0.2857142857142857,-0.38468941102075566,0.12749999999999995
47,Cole Brannen,25.0,Florence Y'Alls,280.2122,50,5,2,1,40,46,23,39,1,0.3038823529411765,3.2042847046993983,0.2555066079295154,0.30837004405286345,0.34973495086937684,0.3081081081081081,0.32042847046993983,1.0
48,Collin Mathews,25.0,Lake Erie Crushers,140.166,19,5,0,2,17,34,4,12,4,0.2580802919708029,-4.769110010622927,0.21666666666666667,0.30833333333333335,0.29964470699028295,0.2823529411764706,-0.47691100106229267,0.08499999999999996
49,Connor Bagnieski,26.0,Tri-City Valley Cats,150.192,22,5,0,2,19,33,5,15,2,0.2727482993197279,-3.7022335732229514,0.2248062015503876,0.31007751937984496,0.3062746351336955,0.28421052631578947,-0.37022335732229517,0.13
50,Cooper Edwards,26.0,Florence Y'Alls,174.9856,20,4,0,2,18,49,3,18,4,0.23178698224852073,-10.521786400254346,0.17687074829931973,0.24489795918367346,0.27430828593895723,0.25,-1.0521786400254345,0.47
51,Craig Massey,35.0,Florence Y'Alls,295.9183673469388,53,10,1,3,45,27,10,32,2,0.3030340136054422,-0.28179404340374803,0.25769230769230766,0.3384615384615385,0.3413103448275862,0.2782608695652174,-0.028179404340374803,1.0
52,Cristopher Céspedes,26.0,Empire State Greys,227.076,29,11,1,4,26,55,3,16,4,0.2679107142857143,-7.274084470725587,0.22277227722772278,0.3465346534653465,0.2862477760749705,0.2827586206896552,-0.7274084470725587,0.4525
53,D.J. Stewart,25.0,Gateway Grizzlies,358.68119999999993,65,13,0,13,42,60,17,22,5,0.3237492957746479,7.659174287908836,0.2826086956521739,0.4440993788819876,0.3289829519919082,0.3058823529411765,0.7659174287908835,1.0
54,Dakota Phillips,28.0,Evansville Otters,382.32,51,24,0,16,56,121,0,38,6,0.3510552631578947,12.921183366540516,0.2740963855421687,0.49096385542168675,0.3531073446327684,0.3768844221105528,1.2921183366540516,1.0
55,Dalton Combs,29.0,Aigles de Trois-Rivières,305.0383351588171,60,13,2,8,48,35,8,32,5,0.3662052980132451,16.72754082977768,0.3192307692307692,0.47692307692307695,0.39339317773788146,0.33783783783783783,1.672754082977768,1.0
56,Dan Robinson,27.0,Windy City ThunderBolts,333.14739999999995,54,12,1,3,42,63,12,46,3,0.30785240963855426,1.25176794699358,0.25,0.33214285714285713,0.3571992457392734,0.3087557603686636,0.125176794699358,1.0
57,David Glaude,29.0,Capitales de Québec,340.30668127053667,58,16,3,11,56,53,20,34,5,0.3595650887573964,19.384968626811126,0.29931972789115646,0.48639455782312924,0.3731927904731252,0.3276595744680851,1.9384968626811125,1.0
58,David Mendham,24.0,Ottawa Titans,152.908,21,6,0,3,18,33,4,14,3,0.27657615894039733,-3.24569561535093,0.22556390977443608,0.3383458646616541,0.3073743689015617,0.2755102040816326,-0.32456956153509303,0.135
59,David Vinsky,25.0,New York Boulders,417.1436,73,22,1,13,71,75,10,50,8,0.37168192771084335,24.245460903532127,0.307909604519774,0.4858757062146893,0.40034175281605666,0.35687732342007433,2.424546090353213,1.0
60,Drue Galassi,27.0,Lake Erie Crushers,183.237,24,5,0,5,24,47,5,17,2,0.27368888888888887,-4.754884270710443,0.2125,0.3375,0.2892428930838204,0.26605504587155965,-0.47548842707104433,0.27249999999999996
61,Ed Johnson,24.0,Florence Y'Alls,210.7,35,10,0,3,27,42,11,18,4,0.2989613526570048,0.3102094325093341,0.2608695652173913,0.3641304347826087,0.33222591362126247,0.32142857142857145,0.031020943250933408,0.375
62,Eddie Niemann,24.0,Empire State Greys,137.256,19,5,0,2,17,31,3,12,3,0.2638582089552239,-4.365465555164537,0.22033898305084745,0.3135593220338983,0.2987118960191176,0.27906976744186046,-0.4365465555164537,0.06999999999999995
63,Edwin Mateo,25.0,Sussex County Miners,391.02719999999994,69,20,0,3,62,85,36,32,3,0.29788772845953,2.479027938916358,0.26744186046511625,0.35174418604651164,0.3247855903630234,0.3423076923076923,0.24790279389163578,1.0
64,Elijah Brown,26.0,Capitales de Québec,150.78799999999998,20,5,0,2,20,34,7,16,3,0.26546938775510204,-3.683599832135791,0.2125984251968504,0.2992125984251969,0.3050640634533252,0.2717391304347826,-0.3683599832135791,0.13249999999999995
65,Ellison Hanna,25.0,Lake Erie Crushers,139.567,20,5,0,3,17,33,4,13,2,0.28423357664233573,-2.144457536297943,0.23140495867768596,0.34710743801652894,0.3080957532941168,0.29069767441860467,-0.2144457536297943,0.08250000000000002
68,Eric Callahan,26.0,Empire State Greys,141.84799999999998,16,6,1,1,13,39,2,9,0,0.22610791366906477,-10.251019905008377,0.18461538461538463,0.2692307692307692,0.23264339292764089,0.25555555555555554,-1.0251019905008376,0.7525
69,Eric Jenkins,27.0,Empire State Greys,314.883,43,7,1,3,38,102,26,23,3,0.22813636363636366,-16.122926682136917,0.19217081850533807,0.25622775800711745,0.25406262008428526,0.288135593220339,-1.6122926682136918,0.97
70,Eric Rivera,26.0,Gateway Grizzlies,347.46799999999996,54,9,1,4,50,52,26,47,12,0.29757352941176474,4.999693495008784,0.24372759856630824,0.32616487455197135,0.36550128357143685,0.28444444444444444,0.4999693495008784,0.9575
71,Ethan Hunt,26.0,Aigles de Trois-Rivières,138.272,19,5,0,2,16,33,3,12,2,0.2638582089552239,-4.639388820020753,0.21666666666666667,0.30833333333333335,0.2892848877574636,0.2823529411764706,-0.4639388820020753,0.17000000000000004
72,Ethan Skender,27.0,Evansville Otters,332.673,49,14,4,8,49,52,19,19,15,0.29244680851063826,2.5539024171282594,0.25597269624573377,0.4129692832764505,0.327649072813243,0.2851063829787234,0.2553902417128259,0.9025
73,Evan Berkey,24.0,Ottawa Titans,219.128,35,7,0,3,28,47,3,17,6,0.2660046296296296,-6.463710925822472,0.2356020942408377,0.3193717277486911,0.3103209083275529,0.2937062937062937,-0.6463710925822472,0.41000000000000003
74,Evan Giordano,24.0,Sussex County Miners,173.376,24,6,0,4,22,40,3,16,2,0.27957894736842104,-3.896774832265285,0.2236842105263158,0.34210526315789475,0.29992617201919525,0.27522935779816515,-0.3896774832265285,0.21999999999999997
75,GJ Hill,23.0,Joliet Slammers,297.055,37,12,3,12,40,87,12,30,7,0.3318566552901024,7.987616948069032,0.25196850393700787,0.4645669291338583,0.3400043762939523,0.33121019108280253,0.7987616948069032,0.7275
76,Gabe Holt,26.0,Gateway Grizzlies,253.896,58,11,1,4,45,31,14,26,6,0.37031600000000003,16.159763755880988,0.34101382488479265,0.45622119815668205,0.4174937769795507,0.3825136612021858,1.6159763755880987,0.565
77,Gabe Snyder,29.0,Lake Erie Crushers,201.53340635268347,27,7,0,4,23,47,4,18,3,0.265465,-6.7431985868495845,0.21348314606741572,0.3202247191011236,0.2927554347826087,0.265625,-0.6743198586849585,0.42000000000000004
78,Gabriel Garcia,26.0,New York Boulders,410.16720000000004,65,15,2,13,67,69,12,48,14,0.33983578431372546,14.675317906120556,0.2777777777777778,0.4473684210526316,0.38277073349599866,0.3106060606060606,1.4675317906120555,1.0
79,Gaige Howard,26.0,Schaumburg Boomers,369.52,58,23,0,5,65,61,21,68,1,0.3758191780821918,23.28598545761722,0.2975778546712803,0.4290657439446367,0.41946308724832215,0.3521739130434783,2.328598545761722,1.0
80,Gary Mattis,26.0,Evansville Otters,180.4688,25,8,1,2,24,42,20,18,8,0.2832316384180791,2.1434432879983096,0.23841059602649006,0.3443708609271523,0.3435496883671859,0.3177570093457944,0.21434432879983095,0.8475
81,Gavin Stupienski,30.0,Sussex County Miners,328.6026200873362,63,7,0,13,45,66,0,36,5,0.35412576687116565,11.912089784527133,0.2912280701754386,0.45263157894736844,0.37735548172757477,0.33980582524271846,1.1912089784527133,1.0
82,George Callil,26.0,Evansville Otters,322.5552,46,10,1,6,40,92,1,20,14,0.2557809523809524,-12.39095841823115,0.22580645161290322,0.3333333333333333,0.30072372108711937,0.3114754098360656,-1.239095841823115,1.0
83,Giovanni Garbella,28.0,New York Boulders,327.686,41,18,1,9,58,83,11,32,12,0.3091446153846154,3.641003609285671,0.25,0.42028985507246375,0.3448423185610615,0.31746031746031744,0.36410036092856707,1.0
84,Greg Bird,31.0,Capitales de Québec,132.75299238302503,20,4,0,2,16,28,3,12,2,0.26714503816793894,-4.05608302463689,0.22413793103448276,0.3103448275862069,0.30131147540983605,0.27586206896551724,-0.405608302463689,0.10999999999999999
85,Hank Zeisler,25.0,Florence Y'Alls,206.655,29,9,0,3,27,44,8,21,6,0.2843118811881188,-2.1736904777970043,0.23563218390804597,0.3390804597701149,0.3290508335147952,0.296875,-0.21736904777970043,0.36250000000000004
86,Harrison DiNicola,27.0,Florence Y'Alls,337.29839999999996,54,15,0,3,45,48,5,34,3,0.28662089552238806,-6.303858233140435,0.2440677966101695,0.3254237288135593,0.3231559948105298,0.2793522267206478,-0.6303858233140435,1.0
87,Harrison Ray,26.0,Washington WildThings,153.768,23,5,0,2,20,34,6,14,3,0.26854000000000006,-3.951662096187146,0.22727272727272727,0.3106060606060606,0.3056552728786223,0.28865979381443296,-0.3951662096187146,0.14500000000000002
88,Hector Roa,29.0,Lake Erie Crushers,194.0854326396495,30,10,0,3,21,41,3,7,2,0.2608062827225131,-7.580019887587465,0.23626373626373626,0.34065934065934067,0.2679232505643341,0.2898550724637681,-0.7580019887587465,1.0
89,Ian Walters,26.0,Tri-City Valley Cats,341.508,51,15,2,10,49,75,2,32,9,0.32290828402366867,4.81106464293077,0.2635135135135135,0.42905405405405406,0.3484545017979081,0.32075471698113206,0.481106464293077,1.0
90,Ivan Marin,35.0,Ottawa Titans,131.04189044038668,18,4,0,2,16,29,3,12,3,0.2575968992248062,-4.805730347333211,0.21238938053097345,0.3008849557522124,0.29761475409836063,0.26506024096385544,-0.4805730347333211,0.10999999999999999
91,J.C. Santini,25.0,Washington WildThings,232.41199999999998,28,9,1,4,25,51,4,21,6,0.26368859649122806,-7.658791497743232,0.21212121212121213,0.3282828282828283,0.2968865635165138,0.2602739726027397,-0.7658791497743233,0.47
92,J.P. Fullerton,26.0,Joliet Slammers,209.55360000000002,28,6,0,4,23,59,2,30,6,0.2950917874396135,-1.3933918234407605,0.2275449101796407,0.33532934131736525,0.35313160928755216,0.3148148148148148,-0.13933918234407605,0.785
93,J.R. DiSarcina,26.0,Empire State Greys,327.8,57,9,0,5,34,76,3,17,4,0.2573425925925926,-13.864516786541547,0.23588039867109634,0.31561461794019935,0.2806589383770592,0.2972972972972973,-1.3864516786541548,0.875
94,Jack Cone,24.0,Washington WildThings,140.266,20,4,0,2,18,30,4,13,3,0.2586376811594203,-4.958101427996463,0.21487603305785125,0.2975206611570248,0.29943108094620224,0.26666666666666666,-0.4958101427996463,0.08250000000000002
95,Jack Harris,26.0,Lake Erie Crushers,331.85279999999995,63,16,2,20,59,91,8,18,4,0.3978151515151515,26.319973903192537,0.32792207792207795,0.5876623376623377,0.37064626243925025,0.41116751269035534,2.6319973903192535,1.0
96,Jackie Urbaez,26.0,Ottawa Titans,337.57439999999997,55,10,1,5,51,59,6,34,23,0.29346951219512196,2.931797618291815,0.26394052044609667,0.3643122676579926,0.3791756720888788,0.3188405797101449,0.2931797618291815,1.0
97,Jackson Pritchard,28.0,Lake Erie Crushers,231.63400000000001,32,4,1,4,22,80,1,29,1,0.27511353711790393,-7.1082398947424394,0.20812182741116753,0.29949238578680204,0.306518041392887,0.3217391304347826,-0.710823989474244,1.0
98,Jackson Valera,32.0,Sussex County Miners,166.48590021691976,40,3,0,5,13,22,0,6,2,0.32271515151515157,1.4766634301660044,0.3057324840764331,0.42038216560509556,0.3363648208469055,0.33076923076923076,0.14766634301660045,1.0
99,Jacob Olson,27.0,Evansville Otters,179.679,22,8,0,4,21,37,3,16,3,0.2757386363636364,-4.412597162485866,0.21794871794871795,0.34615384615384615,0.2949704751250842,0.25862068965517243,-0.4412597162485866,0.25749999999999995
100,Jacob Talamante,26.0,Ottawa Titans,204.66639999999998,28,8,0,1,26,53,6,24,2,0.265592039800995,-6.728796711129837,0.21264367816091953,0.27586206896551724,0.3078179906423331,0.2975206611570248,-0.6728796711129836,0.6825
101,Jairus Richards,27.0,Gateway Grizzlies,402.4098,63,12,1,12,64,69,55,49,16,0.32651127819548875,20.987029427531482,0.26426426426426425,0.4144144144144144,0.3802094282992114,0.30039525691699603,2.0987029427531483,1.0
102,Jake Boone,25.0,Windy City ThunderBolts,396.8974,62,18,1,4,46,79,21,28,8,0.26957106598984776,-7.712930243671562,0.2401129943502825,0.3305084745762712,0.3048646829130148,0.29454545454545455,-0.7712930243671562,1.0
103,Jake Gitter,25.0,Ottawa Titans,190.00279999999998,20,7,0,5,21,62,4,22,3,0.275,-4.723397443692116,0.19753086419753085,0.3333333333333333,0.29999557901251983,0.28125,-0.4723397443692116,0.595
104,Jake Green,25.0,Evansville Otters,212.046,32,8,0,3,26,42,4,20,7,0.27685714285714286,-4.1514877075674885,0.23756906077348067,0.3314917127071823,0.3301170500740406,0.2898550724637681,-0.41514877075674883,0.385
105,Jake Sanford,26.0,Ottawa Titans,241.1416,45,6,0,8,34,35,2,22,4,0.32863179916317986,3.9920174715787056,0.2796208530805687,0.4218009478672986,0.3524899892843043,0.3,0.39920174715787055,1.0
106,Jakob Goldfarb,28.0,Tri-City Valley Cats,348.09999999999997,46,18,0,15,70,62,22,39,25,0.3474393063583815,20.877256994013205,0.2841726618705036,0.5107913669064749,0.4108014938236139,0.3121951219512195,2.0877256994013207,0.975
107,James Nelson,26.0,New Jersey Jackals,376.67199999999997,74,20,1,26,96,84,29,46,12,0.469096,61.020935817086624,0.3829113924050633,0.6993670886075949,0.4752145102370232,0.45893719806763283,6.102093581708663,1.0
108,Jamey Smart,28.0,Ottawa Titans,372.28999999999996,91,19,0,7,58,49,1,59,7,0.43111382113821134,38.34429761684629,0.39,0.5233333333333333,0.49155228450938787,0.44534412955465585,3.8344297616846292,1.0
109,Jarrod Watkins,27.0,Lake Erie Crushers,315.5946,51,12,2,8,44,42,2,23,6,0.3078932038834951,-0.17971501854370578,0.2616487455197133,0.4050179211469534,0.32319944637836007,0.2826086956521739,-0.01797150185437058,1.0
110,Jason Agresti,28.0,Sussex County Miners,301.49,52,15,0,6,38,46,0,29,7,0.32369230769230767,3.870342121075871,0.2796934865900383,0.4061302681992337,0.3615376961093237,0.3175355450236967,0.3870342121075871,1.0
111,Jason DiCochea,26.0,Ottawa Titans,400.75039999999996,65,23,3,11,58,56,6,25,9,0.32785390428211586,8.231678345651916,0.2857142857142857,0.45938375350140054,0.33936335434724463,0.30743243243243246,0.8231678345651916,1.0
112,Jawuan Harris,27.0,Sussex County Miners,344.53299999999996,45,8,2,9,51,105,32,49,5,0.3096312684365782,6.796131306140198,0.22695035460992907,0.36524822695035464,0.34249259142085087,0.3216374269005848,0.6796131306140197,1.0
113,Jaxon Hallmark,25.0,Tri-City Valley Cats,348.618,62,14,0,7,60,75,29,32,4,0.3143826086956522,7.317218077360072,0.2703583061889251,0.38436482084690554,0.3413478363136728,0.33480176211453744,0.7317218077360071,0.955
114,Jaylen Smith,27.0,Empire State Greys,254.98999999999998,44,6,1,4,31,47,14,19,6,0.27539840637450197,-4.019591421774997,0.24553571428571427,0.33482142857142855,0.31373779363896626,0.2914285714285714,-0.40195914217749973,0.575
116,Jeffrey Baez,30.0,Evansville Otters,347.05240174672485,53,12,4,14,46,67,23,24,8,0.3277994186046511,11.046471792468292,0.2703583061889251,0.4723127035830619,0.3313620635419944,0.2987012987012987,1.1046471792468293,1.0
117,Jeremiah Burks,27.0,Florence Y'Alls,309.546,46,13,1,3,34,77,11,27,7,0.2735625,-5.5209128393302755,0.2342007434944238,0.32342007434944237,0.31336214972895793,0.3157894736842105,-0.5520912839330275,0.8049999999999999
118,Jesmuel Valentín,30.0,Capitales de Québec,128.82096069868993,19,5,0,2,16,29,3,12,2,0.2806111111111111,-2.419867007832633,0.23423423423423423,0.3333333333333333,0.31050847457627123,0.2962962962962963,-0.24198670078326331,0.08999999999999997
119,Jiandido Tromp,30.0,Lake Erie Crushers,252.1834061135371,43,5,0,3,25,53,10,24,5,0.2686947791164659,-6.312814668325944,0.2328767123287671,0.2968036529680365,0.31722943722943725,0.2926829268292683,-0.6312814668325945,0.655
120,Jimmy Costin,24.0,New York Boulders,193.844,27,9,0,3,23,45,3,21,3,0.29297368421052633,-2.069946433284478,0.23636363636363636,0.34545454545454546,0.32500361115123505,0.3050847457627119,-0.2069946433284478,0.30500000000000005
121,Joe DeLuca,28.0,New York Boulders,324.5,33,13,0,13,47,82,11,43,12,0.316534375,5.76338481574213,0.22519083969465647,0.42366412213740456,0.35130970724191063,0.27058823529411763,0.576338481574213,0.875
122,Joe Simone,26.0,New Jersey Jackals,170.3368,25,4,0,2,27,44,7,17,2,0.25837951807228915,-6.133766438642598,0.2108843537414966,0.2789115646258503,0.2935361002437524,0.2871287128712871,-0.6133766438642598,0.6225
123,Joey Terdoslavich,35.0,Ottawa Titans,179.9140708915145,27,7,0,3,21,38,3,18,3,0.28701685393258425,-2.722426356030008,0.23717948717948717,0.33974358974358976,0.32237611940298505,0.29310344827586204,-0.2722426356030008,0.3375
124,John Dyer,24.0,Evansville Otters,158.928,22,7,0,2,19,37,3,14,4,0.2685,-4.449241353951058,0.22627737226277372,0.32116788321167883,0.3083157152924595,0.29292929292929293,-0.4449241353951058,0.16000000000000003
125,John Fiorenza,24.0,Schaumburg Boomers,193.844,28,7,0,3,23,46,3,18,4,0.27353684210526313,-5.00418092238804,0.2275449101796407,0.32335329341317365,0.30952724871546194,0.29411764705882354,-0.500418092238804,0.30500000000000005
126,John Mead,26.0,Tri-City Valley Cats,196.67999999999998,29,6,0,5,24,47,3,18,3,0.2866958762886598,-2.8157070263395196,0.23255813953488372,0.3546511627906977,0.31014846451088063,0.2892561983471074,-0.28157070263395195,0.32499999999999996
127,Johnny Hipsman,24.0,Sussex County Miners,216.118,38,6,1,4,27,49,4,22,3,0.30946009389671364,0.6648953597886389,0.2648648648648649,0.372972972972973,0.3424055377155073,0.3333333333333333,0.0664895359788639,0.39749999999999996
128,Johnny Tuccillo,25.0,Lake Erie Crushers,246.189,31,10,0,4,29,51,3,21,8,0.25803719008264464,-9.154254122022941,0.2132701421800948,0.3175355450236967,0.3005820731226822,0.25949367088607594,-0.9154254122022941,0.5275000000000001
129,Jomar Reyes,27.0,Evansville Otters,351.056,70,20,0,6,43,54,3,12,8,0.30854755043227666,0.4673863017993553,0.294478527607362,0.4110429447852761,0.3304316120504991,0.33707865168539325,0.04673863017993553,0.98
130,Jonathan Lacroix,27.0,Capitales de Québec,251.07619999999997,39,13,0,1,27,42,6,24,4,0.2806356275303644,-4.656416854048718,0.24537037037037038,0.3194444444444444,0.3226112232063414,0.29545454545454547,-0.46564168540487183,1.0
131,Jonathan Soto,25.0,New Jersey Jackals,146.156,21,5,0,2,17,34,3,13,2,0.2644685314685315,-4.919747219077557,0.2204724409448819,0.30708661417322836,0.29420619064561154,0.2826086956521739,-0.4919747219077557,0.10999999999999999
132,Jonathan Waite,25.0,Windy City ThunderBolts,215.041,29,7,0,4,22,49,3,24,6,0.27846698113207546,-4.368156521741777,0.22099447513812154,0.3259668508287293,0.32551931957161656,0.27906976744186046,-0.43681565217417767,0.39749999999999996
133,Jordan Hovey,26.0,Windy City ThunderBolts,143.636,20,4,0,2,17,37,4,13,2,0.25313475177304967,-6.015950758937733,0.208,0.288,0.2854437606171155,0.27586206896551724,-0.6015950758937734,0.10250000000000004
134,Jordan Howard,28.0,New Jersey Jackals,156.94,23,5,0,2,19,37,5,15,3,0.26782352941176474,-3.9785742404678768,0.22388059701492538,0.30597014925373134,0.30584936918567607,0.2916666666666667,-0.3978574240467877,0.16500000000000004
135,Jordan Scott,27.0,Empire State Greys,317.0178,41,9,1,6,32,87,7,34,2,0.2704664536741214,-8.91567783637481,0.20727272727272728,0.31272727272727274,0.29335892180186723,0.27717391304347827,-0.891567783637481,1.0
137,Jordan Wiley,26.0,Windy City ThunderBolts,141.3712,18,5,0,2,16,36,3,12,3,0.24801438848920865,-6.4574991420994445,0.20161290322580644,0.2903225806451613,0.28294306053849727,0.26744186046511625,-0.6457499142099444,0.19499999999999995
138,Josh Broughton,26.0,Evansville Otters,168.668,23,5,0,4,20,38,4,16,2,0.27685454545454546,-3.594480983315144,0.2191780821917808,0.3356164383561644,0.29644034434510397,0.26666666666666666,-0.35944809833151437,0.20750000000000002
140,Josh Rehwaldt,27.0,New Jersey Jackals,424.7066,64,23,0,28,82,108,8,41,3,0.40135224586288415,33.173059186188354,0.3058510638297872,0.5904255319148937,0.37437609869966704,0.35802469135802467,3.3173059186188354,1.0
141,Josh Sears,25.0,Empire State Greys,352.4516,56,11,0,12,33,102,0,43,2,0.33364102564102566,5.725043764389984,0.25901639344262295,0.4131147540983607,0.3518213564642635,0.3489583333333333,0.5725043764389983,1.0
142,Josue Herrera,27.0,Empire State Greys,170.784,26,6,0,3,20,40,3,16,3,0.2814792899408284,-3.3012030892611546,0.2348993288590604,0.33557046979865773,0.31618887015177066,0.29906542056074764,-0.33012030892611544,0.21999999999999997
143,Juan Kelly,29.0,Tri-City Valley Cats,339.3209200438116,52,18,3,8,49,57,5,43,4,0.35304154302670615,13.196306761856407,0.28421052631578947,0.45263157894736844,0.377224015493867,0.3244444444444444,1.3196306761856407,1.0
144,Juan Montes,29.0,Tri-City Valley Cats,154.43592552026288,22,5,0,3,18,36,7,15,3,0.2769605263157895,-2.723247548183666,0.22556390977443608,0.3308270676691729,0.31080851063829784,0.28421052631578947,-0.2723247548183666,0.20499999999999996
145,Juan Santana,29.0,Sussex County Miners,351.25958378970427,59,17,3,10,52,32,9,21,2,0.32265902578796557,4.709469385964612,0.27639751552795033,0.4409937888198758,0.3188525101340817,0.27816901408450706,0.4709469385964612,1.0
146,Julian Boyd,24.0,Joliet Slammers,139.664,20,6,0,2,18,33,5,13,2,0.2807352941176471,-2.37318996081343,0.23333333333333334,0.3333333333333333,0.3078817733990148,0.3023255813953488,-0.23731899608134302,0.07999999999999996
147,Junior Martina,26.0,Windy City ThunderBolts,350.448,58,13,1,5,43,69,9,21,4,0.26971469740634,-9.95371684190352,0.2398753894080997,0.3333333333333333,0.29105601972332557,0.2903225806451613,-0.9953716841903519,0.97
148,Juremi Profar,28.0,Capitales de Québec,355.18,59,16,0,12,44,41,1,31,2,0.3341619318181818,6.090867821698004,0.2727272727272727,0.43573667711598746,0.33785686130975845,0.2819548872180451,0.6090867821698004,1.0
149,Justin Felix,28.0,Evansville Otters,194.81799999999998,16,5,1,4,20,82,2,24,9,0.24417277486910996,-9.312234484320655,0.16455696202531644,0.2848101265822785,0.30284675953967294,0.3055555555555556,-0.9312234484320655,1.0
150,Justin Gideon,29.0,Capitales de Québec,330.23001095290255,45,11,2,18,54,71,9,33,5,0.3535076452599389,14.765270846079535,0.26855123674911663,0.5123674911660777,0.3452139303482587,0.29,1.4765270846079535,1.0
151,Justin Mazzone,26.0,New Jersey Jackals,201.44799999999998,33,6,0,3,22,41,3,17,7,0.27498484848484844,-4.280307374389276,0.24277456647398843,0.32947976878612717,0.3276279734720623,0.3,-0.42803073743892756,0.345
152,Justin Thompson,25.0,Ottawa Titans,134.775,19,4,0,2,16,33,3,12,2,0.25843181818181815,-5.11860862157152,0.21367521367521367,0.29914529914529914,0.2893711741791875,0.27710843373493976,-0.511860862157152,0.0625
153,Kai Moody,24.0,Ottawa Titans,151.3428,20,5,0,2,17,35,4,15,2,0.258972972972973,-6.033078040526838,0.20610687022900764,0.2900763358778626,0.29073071199951367,0.26595744680851063,-0.6033078040526838,0.3225
154,Kanta Kobayashi,28.0,Ottawa Titans,150.45,22,5,0,2,18,32,4,13,3,0.2632789115646259,-4.841621900396075,0.2230769230769231,0.3076923076923077,0.29910269192422734,0.27835051546391754,-0.4841621900396075,0.13749999999999996
155,Katsuya Arai,31.0,Empire State Greys,123.5038084874864,17,4,0,2,15,29,3,11,2,0.2637583333333333,-4.011413656840341,0.21495327102803738,0.308411214953271,0.291488986784141,0.27631578947368424,-0.40114136568403413,0.0675
156,Kemuel Thomas-Rivera,26.0,Lake Erie Crushers,234.22799999999998,33,14,0,7,28,72,7,18,4,0.3164978354978355,2.7441004700787848,0.2583732057416268,0.4258373205741627,0.3244701743600253,0.36153846153846153,0.27441004700787847,0.9125
157,Kenen Irizarry,24.0,Lake Erie Crushers,320.14359999999994,52,12,1,7,38,51,6,34,1,0.31479559748427677,1.6594142237057454,0.2553191489361702,0.37943262411347517,0.334225016523835,0.28888888888888886,0.16594142237057455,1.0
158,Keon Barnum,31.0,New Jersey Jackals,309.57562568008706,49,6,0,23,52,69,1,49,1,0.42508766233766243,28.573503942096526,0.3046875,0.59765625,0.41346924428822496,0.3313253012048193,2.8573503942096528,0.9225
159,Kevin Rolon,25.0,New Jersey Jackals,216.239,30,9,0,5,29,57,6,19,3,0.2901428571428571,-2.1145489811131846,0.23655913978494625,0.3655913978494624,0.3052178376703555,0.30952380952380953,-0.21145489811131846,0.8225
160,Kokko Figueiredo,26.0,Schaumburg Boomers,253.1808,42,12,0,4,32,37,7,36,5,0.3458780487804878,9.382464151902836,0.2871287128712871,0.40594059405940597,0.3910249118416562,0.32926829268292684,0.9382464151902836,1.0
161,Kona Quiggle,26.0,Evansville Otters,368.328,48,19,4,10,57,96,14,48,7,0.3445041095890411,14.977690919252135,0.2621359223300971,0.44660194174757284,0.3692361156360635,0.3480392156862745,1.4977690919252136,1.0
162,Kyle Crowl,26.0,Capitales de Québec,378.93679999999995,61,17,0,13,63,84,7,47,6,0.35484084880636596,15.577550025014025,0.2826086956521739,0.45652173913043476,0.3800105980733463,0.3436123348017621,1.5577550025014024,1.0
163,Kyle Fitzgerald,25.0,Schaumburg Boomers,296.505,37,11,1,9,40,65,3,27,9,0.2892559726962457,-3.4415071394589574,0.2283464566929134,0.3858267716535433,0.31702669432218683,0.2677595628415301,-0.34415071394589575,0.7375
164,Kyle Gaedele,34.0,Gateway Grizzlies,192.8879310344828,27,8,0,7,25,47,4,16,4,0.31194179894179896,1.4892813576030426,0.25,0.4226190476190476,0.3214301675977653,0.30434782608695654,0.14892813576030425,0.395
165,Kyle Novak,24.0,Joliet Slammers,136.052,20,5,0,2,16,30,3,12,2,0.2724812030075188,-3.565500241937896,0.2288135593220339,0.3220338983050847,0.3013553641254815,0.28735632183908044,-0.3565500241937896,0.06499999999999995
166,Kyle Richards,24.0,Sussex County Miners,170.36599999999999,25,5,0,3,22,47,4,15,4,0.2663511904761905,-5.051134993231368,0.22297297297297297,0.31756756756756754,0.3052252209947995,0.30303030303030304,-0.5051134993231368,0.20750000000000002
167,L.P. Pelletier,28.0,Aigles de Trois-Rivières,317.41999999999996,58,20,2,9,59,54,20,19,12,0.35300958466453675,18.450490658547544,0.31785714285714284,0.5,0.3780480120975364,0.365296803652968,1.8450490658547545,1.0
168,Lamar Briggs,28.0,Tri-City Valley Cats,214.17,34,7,0,4,30,44,6,20,6,0.2875165876777251,-1.7954363038864651,0.24725274725274726,0.3516483516483517,0.3315123500023346,0.29927007299270075,-0.1795436303886465,0.4075
169,Lane Baremore,24.0,Joliet Slammers,307.26079999999996,52,11,1,3,27,68,7,16,5,0.25677704918032784,-12.111582968515911,0.2375886524822695,0.31560283687943264,0.2864016496735022,0.3004694835680751,-1.211158296851591,1.0
170,Lane Hoover,23.0,Florence Y'Alls,240.79,37,8,0,2,28,44,13,19,5,0.25470212765957445,-7.7892808096139445,0.22380952380952382,0.2904761904761905,0.2948627434694132,0.2727272727272727,-0.7789280809613944,0.495
171,Liam McArthur,27.0,Joliet Slammers,406.3236,94,15,0,1,54,52,16,50,2,0.3444427860696517,14.305409479356687,0.3151862464183381,0.3667621776504298,0.3986969991405865,0.367003367003367,1.4305409479356688,1.0
172,Luis Atiles,28.0,Empire State Greys,249.57,41,9,0,3,27,46,8,27,4,0.29350813008130083,-1.562335124504743,0.24766355140186916,0.3317757009345794,0.3365789157350643,0.30120481927710846,-0.1562335124504743,0.5575
173,Malik Williams,24.0,Aigles de Trois-Rivières,221.536,34,11,0,6,28,42,3,16,2,0.3067247706422018,-0.3127174357928562,0.2562814070351759,0.4020100502512563,0.31146179401993357,0.29605263157894735,-0.031271743579285624,0.42000000000000004
174,Manny Garcia,26.0,Empire State Greys,346.276,46,17,1,12,39,55,6,27,4,0.310453216374269,1.5608964026348255,0.247557003257329,0.42671009771986973,0.30900206771477084,0.26229508196721313,0.15608964026348254,1.0
175,Marc-Antoine Lebreux,25.0,Capitales de Québec,358.3218,62,10,5,5,56,72,17,46,6,0.3325767045454545,10.30144789424933,0.27424749163879597,0.391304347826087,0.3739655248438694,0.3452914798206278,1.030144789424933,1.0
176,Marcos Castillo,25.0,New Jersey Jackals,221.03099999999998,35,9,1,3,28,48,7,18,4,0.2853669724770642,-3.0806460544148715,0.24615384615384617,0.3487179487179487,0.316697657794608,0.3103448275862069,-0.30806460544148717,0.4225
177,Mark Vierling,25.0,Gateway Grizzlies,271.94599999999997,43,11,1,6,45,44,8,26,4,0.3109776119402985,1.660731142208742,0.25957446808510637,0.39148936170212767,0.33462525648474334,0.2925531914893617,0.1660731142208742,0.635
178,Martin Figueroa,28.0,New Jersey Jackals,285.796,50,11,1,6,50,32,16,43,3,0.3568838028169014,15.09565446001688,0.28936170212765955,0.42127659574468085,0.39888591862727263,0.31,1.5095654460016878,1.0
179,Martin Vincelli-Simard,23.0,Capitales de Québec,141.57,19,5,0,2,17,33,3,14,3,0.2662971014492754,-4.2577603612288435,0.21666666666666667,0.30833333333333335,0.303736667373031,0.27906976744186046,-0.42577603612288434,0.08499999999999996
180,Matt Feinstein,27.0,Joliet Slammers,232.456,32,8,0,2,27,55,11,26,4,0.26337117903930135,-7.0063437191640805,0.2131979695431472,0.28426395939086296,0.30973603606704064,0.28169014084507044,-0.7006343719164081,0.48
181,Matt McDermott,25.0,New York Boulders,315.55319999999995,53,8,4,4,46,67,18,24,4,0.28214469453376206,-2.6735688594838685,0.24381625441696114,0.34275618374558303,0.3073966608483134,0.30660377358490565,-0.26735688594838686,0.905
182,Matt McGarry,28.0,Joliet Slammers,376.774,44,17,3,8,38,94,8,30,6,0.2717085561497326,-10.394442449307173,0.21621621621621623,0.35735735735735735,0.2866439828650597,0.2711864406779661,-1.0394442449307173,1.0
183,Matt Morgan,28.0,Windy City ThunderBolts,263.84799999999996,33,7,0,6,27,103,1,23,2,0.2533807692307692,-13.121330336407981,0.19574468085106383,0.3021276595744681,0.26909432703677877,0.31746031746031744,-1.3121330336407981,0.89
184,Matt Turner,25.0,Empire State Greys,141.963,20,5,0,3,17,36,3,12,3,0.27317142857142857,-3.4644995866985013,0.22580645161290322,0.3387096774193548,0.3028958249684777,0.29069767441860467,-0.3464499586698501,0.09250000000000003
185,Matt Warkentin,27.0,Joliet Slammers,305.988,40,13,1,22,47,77,2,23,8,0.37222697368421054,17.190900385667362,0.28044280442804426,0.5793357933579336,0.3496869158267644,0.3103448275862069,1.7190900385667363,0.79
186,Melvin Novoa,28.0,Washington WildThings,254.88,31,12,1,6,30,55,3,18,4,0.272597609561753,-7.37671198153327,0.22026431718061673,0.36123348017621143,0.2824858757062147,0.2619047619047619,-0.737671198153327,0.5800000000000001
187,Micah Yonamine,23.0,Windy City ThunderBolts,364.21,56,18,0,10,45,92,0,26,8,0.3029641873278237,-1.5172086810105845,0.25766871165644173,0.4049079754601227,0.32398890749842124,0.32599118942731276,-0.15172086810105845,1.0
188,Michael Fuhrman,23.0,Ottawa Titans,165.165,24,6,0,3,22,35,4,16,5,0.28100613496932514,-2.519031856359895,0.23404255319148937,0.3404255319148936,0.32694578149123604,0.28846153846153844,-0.2519031856359895,0.1825
189,Mike Blanke,35.0,Lake Erie Crushers,122.44897959183673,17,4,0,2,15,27,3,11,2,0.26597478991596635,-3.7364672847008866,0.2169811320754717,0.3113207547169811,0.294,0.2727272727272727,-0.3736467284700887,0.06999999999999995
190,Mike Falsetti,33.0,Joliet Slammers,131.35135135135133,19,4,0,2,15,30,3,11,2,0.259046511627907,-4.889959806595743,0.21739130434782608,0.30434782608695654,0.2893004115226338,0.27380952380952384,-0.48899598065957434,0.10750000000000004
191,Mike Gulino,27.0,Empire State Greys,181.458,28,5,0,4,21,42,4,16,2,0.281438202247191,-3.6798449756459726,0.23270440251572327,0.33962264150943394,0.3031004419755536,0.2894736842105263,-0.3679844975645973,0.345
192,Miles Simington,24.0,Schaumburg Boomers,172.774,27,6,0,2,20,38,4,14,3,0.2666094674556213,-5.3391601515076985,0.23178807947019867,0.31125827814569534,0.3009712109460914,0.29464285714285715,-0.5339160151507698,0.21750000000000003
193,Mitsuki Fukuda,24.0,Ottawa Titans,190.232,25,4,0,2,21,47,3,21,3,0.24689189189189192,-9.754541719486904,0.1949685534591195,0.2578616352201258,0.2891206526767316,0.25892857142857145,-0.9754541719486903,0.48
194,Nate Scantlin,25.0,Aigles de Trois-Rivières,365.989,78,19,3,5,63,49,13,24,3,0.34428055555555553,13.487819124127915,0.3153153153153153,0.43543543543543545,0.3606665774107965,0.35842293906810035,1.3487819124127916,1.0
195,Nick Gotta,31.0,Washington WildThings,215.45157780195865,33,10,2,2,29,44,10,23,3,0.30534433962264146,0.9519849462520582,0.2554347826086957,0.3641304347826087,0.3388232323232323,0.32142857142857145,0.09519849462520583,0.49
196,Nick Wimmers,25.0,Florence Y'Alls,165.923,23,8,0,2,20,39,5,16,3,0.27855828220858897,-3.214702667273966,0.23076923076923078,0.32867132867132864,0.3133983835875677,0.30097087378640774,-0.3214702667273966,0.1925
197,Nilo Rijo,25.0,New Jersey Jackals,292.0724,44,10,1,1,44,69,31,44,7,0.2968368055555556,4.6843663737322965,0.23931623931623933,0.3034188034188034,0.3663475220527513,0.32934131736526945,0.46843663737322966,1.0
198,Noah Myers,24.0,Evansville Otters,382.27,59,20,4,15,75,77,36,56,9,0.40288095238095234,37.62721947806593,0.31511254019292606,0.5498392282958199,0.4264001883485495,0.3755656108597285,3.762721947806593,1.0
199,Nolan Machibroda,24.0,Aigles de Trois-Rivières,152.908,22,5,0,3,20,35,4,14,3,0.2741854304635762,-3.5554726423779552,0.22556390977443608,0.3308270676691729,0.3073743689015617,0.28125,-0.35554726423779554,0.135
200,Oraj Anu,25.0,Sussex County Miners,364.07219999999995,53,24,0,13,44,93,6,26,9,0.3355638888888889,11.733987201030128,0.2803738317757009,0.4766355140186916,0.34333849165083197,0.3515981735159817,1.173398720103013,1.0
201,Oscar Campos,27.0,Tri-City Valley Cats,215.85199999999998,42,13,0,6,37,12,2,9,1,0.33589671361502343,4.546991041778729,0.305,0.46,0.32892908103700685,0.2972972972972973,0.4546991041778729,1.0
202,Parker DePasquale,26.0,Aigles de Trois-Rivières,135.888,20,4,0,2,16,31,4,12,2,0.2631278195488722,-4.460666387931152,0.22033898305084745,0.3050847457627119,0.29436006122689273,0.27906976744186046,-0.4460666387931152,0.06999999999999995
203,Pat Adams,27.0,Tri-City Valley Cats,131.646,19,4,0,3,16,30,3,12,2,0.27997674418604657,-2.5763665307144685,0.22807017543859648,0.34210526315789475,0.3038451605062061,0.2804878048780488,-0.25763665307144684,0.05500000000000005
204,Patrick Kivlehan,34.0,New York Boulders,324.89224137931035,45,19,1,18,54,54,7,36,6,0.38909876543209876,22.89543681167143,0.29856115107913667,0.5683453237410072,0.384742951907131,0.30952380952380953,2.2895436811671432,1.0
205,Paul Coumoulos,25.0,Windy City ThunderBolts,319.267,58,14,1,4,37,58,3,19,5,0.29120700636942676,-3.722461971427428,0.2682926829268293,0.36585365853658536,0.3163496383904381,0.3201754385964912,-0.37224619714274276,0.8325
206,Pavin Parks,27.0,Tri-City Valley Cats,414.0326,57,15,0,12,64,82,13,63,4,0.33225,9.96807403461643,0.24633431085043989,0.39589442815249265,0.3647055811547207,0.2868525896414343,0.996807403461643,1.0
207,Peter Zimmermann,26.0,Gateway Grizzlies,332.568,49,13,0,19,58,77,10,45,11,0.39040909090909093,26.370129430420675,0.2967032967032967,0.5531135531135531,0.41194582762021603,0.34831460674157305,2.6370129430420675,1.0
208,Peyton Isaacson,27.0,Windy City ThunderBolts,375.60619999999994,62,18,0,7,44,88,2,37,4,0.3134530831099196,0.9617088554659828,0.2636363636363636,0.38181818181818183,0.3407824471481036,0.33755274261603374,0.09617088554659828,1.0
209,Phil Ervin,31.0,New Jersey Jackals,227.9651795429815,36,10,0,6,34,48,11,27,7,0.3335288888888889,7.991275306581418,0.2751322751322751,0.42328042328042326,0.3772505966587112,0.3357664233576642,0.7991275306581418,0.5475
210,Phillip Steering,28.0,Joliet Slammers,339.486,52,12,0,5,39,79,11,36,7,0.2846290801186943,-4.541030853117598,0.2354948805460751,0.32764505119453924,0.3299105117736814,0.3047619047619048,-0.4541030853117598,1.0
211,Quentin Holmes,24.0,Empire State Greys,313.03999999999996,46,7,4,6,41,73,12,25,4,0.2751650485436893,-6.9123629931734065,0.225,0.34285714285714286,0.2938921543572707,0.2835820895522388,-0.6912362993173407,0.8
212,Quentin Selma,26.0,Schaumburg Boomers,207.408,27,7,0,5,26,49,3,18,4,0.2700833333333333,-6.098354646521614,0.21666666666666667,0.3388888888888889,0.2941063025534213,0.265625,-0.6098354646521613,0.37
213,Ray Zuberer,27.0,Florence Y'Alls,393.2776,55,26,1,12,59,67,28,47,7,0.35886082474226805,24.212340356771875,0.283987915407855,0.4773413897280967,0.37632450971018944,0.3215686274509804,2.4212340356771875,1.0
214,Ricardo Sanchez,29.0,Aigles de Trois-Rivières,310.73384446878424,44,15,0,6,48,60,2,26,9,0.2873180327868853,-4.062016776793717,0.24344569288389514,0.36704119850187267,0.32181882270003526,0.28921568627450983,-0.4062016776793717,1.0
215,Robbie Merced,25.0,Tri-City Valley Cats,198.868,26,8,1,5,25,44,9,17,4,0.28740306122448983,-1.4592004321133274,0.22988505747126436,0.3735632183908046,0.30673612647585335,0.2777777777777778,-0.14592004321133273,0.32999999999999996
216,Robert Chayka,25.0,Washington WildThings,309.084,49,15,1,6,42,52,19,33,9,0.32504290429042904,9.66889105899071,0.27413127413127414,0.4092664092664093,0.3655964074491077,0.32019704433497537,0.966889105899071,0.79
217,Rodrigo Orozco,29.0,Aigles de Trois-Rivières,289.37568455640746,52,11,1,5,35,39,12,35,1,0.3364401408450704,8.312867239912869,0.2816326530612245,0.39591836734693875,0.36285011355034064,0.3137254901960784,0.8312867239912869,1.0
218,Ruben Castro,27.0,Capitales de Québec,290.80719999999997,60,12,0,4,41,38,11,32,5,0.3433426573426574,12.148197210817077,0.3064516129032258,0.4032258064516129,0.38857359790266544,0.34782608695652173,1.2148197210817078,1.0
219,Rusber Estrada,29.0,New Jersey Jackals,257.9408543263965,36,9,0,15,44,63,2,27,6,0.3615590551181102,11.980861494861182,0.27522935779816515,0.5229357798165137,0.3605477707006369,0.3146853146853147,1.1980861494861181,0.6775
220,Ryan Roell,26.0,Capitales de Québec,131.716,19,4,0,2,16,30,3,12,2,0.26444186046511625,-4.303995805081847,0.21929824561403508,0.30701754385964913,0.2960915909988156,0.27710843373493976,-0.4303995805081847,0.05249999999999999
221,Sadler Goodwin,27.0,Aigles de Trois-Rivières,158.331,22,5,0,2,19,41,3,14,2,0.25418064516129035,-6.813603766606487,0.21014492753623187,0.2898550724637681,0.2842147147431647,0.28125,-0.6813603766606487,0.16749999999999998
222,Sam Abbott,25.0,Capitales de Québec,179.7,22,7,0,4,23,45,4,25,3,0.30254237288135594,-0.18122810408066986,0.22297297297297297,0.35135135135135137,0.3394546466332777,0.29,-0.018122810408066986,0.25
223,Sam Frontino,26.0,Lake Erie Crushers,183.56799999999998,25,5,0,2,22,46,6,21,3,0.2621173184357542,-5.762721551626039,0.2077922077922078,0.2792207792207792,0.3050640634533252,0.2803738317757009,-0.5762721551626039,0.27
225,Santiago Chirino,32.0,Lake Erie Crushers,218.00433839479393,40,7,0,1,28,14,1,20,6,0.2788465116279069,-5.103770388163055,0.25668449197860965,0.31016042780748665,0.3394427860696517,0.27011494252873564,-0.5103770388163056,1.0
226,Scott Holzwasser,26.0,Joliet Slammers,232.44,27,9,2,6,33,64,10,22,7,0.287328947368421,-1.2929388209225552,0.22110552763819097,0.3768844221105528,0.3140595422474617,0.29457364341085274,-0.1292938820922555,1.0
227,Scotty Dubrule,26.0,Washington WildThings,402.4192,86,18,0,1,58,45,19,55,2,0.34915365239294704,17.7454701095486,0.3115727002967359,0.37388724035608306,0.40256528515538026,0.35374149659863946,1.7745470109548598,1.0
228,Scout Knotts,24.0,Lake Erie Crushers,192.03799999999998,28,9,1,3,25,43,4,21,7,0.30749735449735455,1.6017969267288428,0.25625,0.38125,0.3593038877722118,0.33043478260869563,0.1601796926728843,0.2975
229,Sean Cheely,25.0,Lake Erie Crushers,297.2238,43,11,0,3,36,77,31,23,3,0.25144368600682593,-8.219533506053416,0.2159090909090909,0.2916666666666667,0.2792508540702326,0.2887700534759358,-0.8219533506053416,1.0
230,Sean Lawlor,27.0,Lake Erie Crushers,161.296,23,5,0,3,19,40,5,15,3,0.27032075471698114,-4.20136321248218,0.22142857142857142,0.32142857142857145,0.30378930661640713,0.2857142857142857,-0.420136321248218,0.18000000000000005
231,Sicnarf Loopstok,31.0,Ottawa Titans,253.53645266594123,42,12,0,6,34,49,3,19,5,0.309048,0.7434857575134979,0.26785714285714285,0.4017857142857143,0.33131330472103004,0.3157894736842105,0.07434857575134979,0.665
232,Sonny Ulliana,26.0,Schaumburg Boomers,147.808,21,6,0,3,19,35,3,12,3,0.2784206896551724,-3.0072111617744053,0.23255813953488372,0.3488372093023256,0.30444901493829835,0.29347826086956524,-0.3007211161774405,0.12
233,Steve Barmakian,26.0,Empire State Greys,169.26399999999998,24,6,0,3,20,39,4,17,3,0.27844311377245506,-3.515748620869738,0.22602739726027396,0.3287671232876712,0.31312033273466305,0.2857142857142857,-0.3515748620869738,0.20999999999999996
234,Steve Brown,37.0,Aigles de Trois-Rivières,316.22198505869795,50,16,0,11,41,64,7,31,5,0.3440063897763578,10.737043250706055,0.28102189781021897,0.45985401459854014,0.35734390820114753,0.32673267326732675,1.0737043250706055,1.0
235,T.J. White,32.0,Capitales de Québec,372.6681127982647,48,14,0,21,62,72,1,31,22,0.33367567567567563,12.179493455379909,0.2643312101910828,0.5095541401273885,0.36493597206053546,0.2767857142857143,1.2179493455379908,1.0
236,Tanner Smith,24.0,Tri-City Valley Cats,189.028,29,8,0,4,25,37,4,14,2,0.2882108108108108,-2.819342605230461,0.2469879518072289,0.3674698795180723,0.301542628605286,0.2890625,-0.2819342605230461,0.28500000000000003
237,Taylor Olmstead,29.0,Florence Y'Alls,123.22015334063528,17,4,0,2,15,29,3,11,2,0.2637583333333333,-4.0022005148016735,0.21495327102803738,0.308411214953271,0.29216,0.27631578947368424,-0.40022005148016737,0.0625
238,Taylor Wright,27.0,Ottawa Titans,335.7566,55,16,0,8,45,67,9,32,4,0.3196796407185628,3.9855845566419625,0.2705479452054795,0.4075342465753425,0.3425100206518651,0.3183856502242152,0.39855845566419623,1.0
239,Ti'Quan Forbes,27.0,New Jersey Jackals,309.546,52,10,1,14,56,71,14,27,9,0.3477947882736156,14.019810901511885,0.2851851851851852,0.48518518518518516,0.3650507517461056,0.3387096774193548,1.4019810901511884,0.8049999999999999
240,Todd Isaacs,28.0,Lake Erie Crushers,307.27199999999993,62,12,1,9,50,68,17,13,4,0.3255860927152318,7.558851995245268,0.2968197879858657,0.4416961130742049,0.3286990028378766,0.3605769230769231,0.7558851995245268,1.0
241,Tom Walraven,29.0,New York Boulders,336.2541073384447,34,24,1,14,49,46,5,38,2,0.34715868263473054,10.483443723885685,0.2517241379310345,0.4862068965517241,0.33605537459283386,0.25213675213675213,1.0483443723885686,1.0
242,Tomas Sanchez,24.0,Washington WildThings,139.664,19,5,0,3,17,33,4,13,2,0.2777883211678832,-2.904673874577941,0.2231404958677686,0.33884297520661155,0.30072173215717724,0.27906976744186046,-0.2904673874577941,0.07999999999999996
243,Tommy Caufield,24.0,Washington WildThings,223.944,29,12,1,4,25,52,5,19,4,0.28792727272727275,-2.6411165383558135,0.2358974358974359,0.36923076923076925,0.30811274247133213,0.2978723404255319,-0.26411165383558133,0.43000000000000005
244,Tommy Seidl,26.0,Capitales de Québec,197.27599999999998,26,7,0,5,26,47,5,18,4,0.27945360824742266,-3.7972017008360432,0.2222222222222222,0.3508771929824561,0.3041424197570916,0.275,-0.3797201700836043,0.3275
245,Tommy Stevenson,23.0,Joliet Slammers,163.95499999999998,21,6,0,4,21,40,3,15,3,0.276167701863354,-3.82871702426057,0.21830985915492956,0.34507042253521125,0.298862492757159,0.2727272727272727,-0.382871702426057,0.1775
246,Tony Gomez,27.0,Sussex County Miners,238.97899999999998,37,8,0,3,30,51,7,21,3,0.2726336206896552,-5.952935283945906,0.23300970873786409,0.3155339805825243,0.30128170257637704,0.2922077922077922,-0.5952935283945906,0.5075000000000001
247,Travis Holt,25.0,Schaumburg Boomers,297.703,49,10,1,2,34,53,8,31,4,0.28183673469387754,-4.681596922098181,0.24124513618677043,0.311284046692607,0.3258280904122565,0.29411764705882354,-0.46815969220981807,0.7424999999999999
248,Trey Hair,29.0,Tri-City Valley Cats,197.15224534501644,25,9,0,9,32,38,10,22,4,0.34339690721649485,8.121704638771362,0.25903614457831325,0.4759036144578313,0.3499833333333333,0.2809917355371901,0.8121704638771362,0.565
249,Tristan Peterson,26.0,Washington WildThings,296.6888,46,12,1,10,39,65,2,38,8,0.354804794520548,12.373179427480842,0.2839506172839506,0.46502057613168724,0.38761153100487783,0.34502923976608185,1.2373179427480843,1.0
250,Tristin Garcia,24.0,Florence Y'Alls,222.138,37,8,0,3,26,41,4,20,6,0.28563926940639267,-3.0577761316213916,0.25,0.3385416666666667,0.3331262548505884,0.30201342281879195,-0.30577761316213914,0.4225
251,Troy Viola,26.0,Windy City ThunderBolts,296.808,40,8,1,6,41,63,5,13,17,0.23337800687285226,-15.897605520027938,0.2140077821011673,0.3229571984435798,0.2863804210129107,0.2552083333333333,-1.5897605520027938,0.745
252,Tucker Nathans,35.0,New York Boulders,358.64661654135335,52,18,0,17,60,67,10,42,3,0.3686498599439776,18.653190160686933,0.2806451612903226,0.5032258064516129,0.3680503144654088,0.30701754385964913,1.8653190160686932,1.0
253,Tyler Blaum,26.0,Capitales de Québec,197.27599999999998,30,6,0,2,21,46,4,18,6,0.25760204081632654,-7.181145677055662,0.2222222222222222,0.29239766081871343,0.31428050041566136,0.2903225806451613,-0.7181145677055663,0.4
254,Tyler Clark-Chiapparelli,26.0,Aigles de Trois-Rivières,206.21599999999998,34,8,1,2,28,40,5,17,5,0.28267487684729065,-2.889350772725857,0.25,0.3388888888888889,0.324902044458238,0.30935251798561153,-0.2889350772725857,0.365
255,Tyler Depreta-Johnson,28.0,Joliet Slammers,369.57599999999996,57,13,0,1,36,55,10,29,4,0.24166485013623978,-19.950918076748593,0.21515151515151515,0.2636363636363636,0.2814035543433557,0.2517985611510791,-1.9950918076748594,1.0
256,Tyler Wilber,26.0,Aigles de Trois-Rivières,216.1096,36,9,0,2,26,38,3,21,5,0.29337142857142856,-1.142756563679767,0.2596685082872928,0.3425414364640884,0.3377915650207117,0.3125,-0.1142756563679767,0.5625
258,Victor Cerny,25.0,Aigles de Trois-Rivières,231.813,39,13,0,2,23,47,3,16,3,0.2909424778761061,-3.1876955456555365,0.2621359223300971,0.35436893203883496,0.31490899992666505,0.3291139240506329,-0.31876955456555367,0.4675
259,Vincent Byrd,26.0,Lake Erie Crushers,142.444,21,5,0,3,17,32,3,13,3,0.28445,-2.1126623796261694,0.23577235772357724,0.34959349593495936,0.3159136221953891,0.29213483146067415,-0.21126623796261695,0.09750000000000003
260,Wagner Lagrange,28.0,Washington WildThings,404.38599999999997,76,25,1,13,61,61,11,24,6,0.3554438902743143,17.65108599743012,0.31420765027322406,0.49453551912568305,0.3585682986057876,0.3434343434343434,1.7651085997430118,1.0
261,Walner Espinal,24.0,Empire State Greys,176.988,31,5,0,2,20,41,3,15,2,0.27609770114942533,-4.519639593933535,0.24516129032258063,0.3161290322580645,0.3107555314484598,0.3157894736842105,-0.4519639593933535,0.235
262,Wes Darvill,32.0,Washington WildThings,185.4663774403471,29,5,0,4,26,41,8,15,3,0.27628021978021977,-3.664523503618775,0.2345679012345679,0.3395061728395062,0.30194152046783623,0.2857142857142857,-0.3664523503618775,0.355
263,Will Prater,25.0,Schaumburg Boomers,268.95099999999996,55,8,1,2,33,50,12,23,2,0.3034166666666666,1.1928625291790884,0.2796610169491525,0.3474576271186441,0.3383515956438162,0.3422459893048128,0.11928625291790884,0.6225
264,Will Riley,25.0,Windy City ThunderBolts,262.961,39,6,1,2,27,52,7,35,6,0.2773667953667953,-5.427305920153496,0.22018348623853212,0.28440366972477066,0.3384532307072151,0.2804878048780488,-0.5427305920153496,0.5974999999999999
265,Will Salas,33.0,Joliet Slammers,245.29729729729726,32,5,1,1,27,40,8,34,6,0.25607053941908714,-8.758037848225113,0.19402985074626866,0.24378109452736318,0.3220581754076686,0.2375,-0.8758037848225113,1.0
266,Will Zimmerman,25.0,Sussex County Miners,287.4002,36,12,4,3,53,66,27,43,7,0.3131408450704225,6.2245427939736295,0.23706896551724138,0.3620689655172414,0.3653442133999907,0.3151515151515151,0.622454279397363,1.0
267,Willie Escala,25.0,Sussex County Miners,362.7544,60,8,1,3,53,73,15,53,4,0.30773925501432664,3.0499669872256407,0.2491349480968858,0.314878892733564,0.35561250256371807,0.3194444444444444,0.3049966987225641,1.0
268,Willie Estrada,29.0,Gateway Grizzlies,242.05914567360352,36,9,0,4,27,48,4,24,3,0.2893333333333334,-3.54140073295178,0.2413793103448276,0.3448275862068966,0.313972850678733,0.2903225806451613,-0.354140073295178,1.0
269,Zach Biermann,27.0,Tri-City Valley Cats,389.8382,62,17,2,12,54,78,3,35,11,0.3293023255813953,8.307830140167479,0.2735294117647059,0.4411764705882353,0.35655818234334147,0.32270916334661354,0.8307830140167478,1.0
270,Zach Huffins,25.0,Schaumburg Boomers,224.625,39,7,0,3,30,52,8,16,3,0.27159009009009005,-5.508448267619142,0.24378109452736318,0.32338308457711445,0.30272676683361155,0.3108108108108108,-0.5508448267619143,0.4375
271,Zach Racusin,31.0,Gateway Grizzlies,232.1001088139282,52,9,1,3,23,24,11,23,2,0.3539517543859649,11.23714663200327,0.3217821782178218,0.4207920792079208,0.38776371308016877,0.3522727272727273,1.123714663200327,1.0
272,Zade Richardson,24.0,Florence Y'Alls,269.69599999999997,42,8,1,10,33,68,3,27,8,0.3262649253731343,5.429483988731297,0.26406926406926406,0.43722943722943725,0.35595633602278126,0.32903225806451614,0.5429483988731297,0.62
273,Zak Whalin,29.0,Empire State Greys,201.53340635268347,29,7,0,3,23,39,3,12,6,0.24710152284263961,-9.706848478352573,0.22033898305084745,0.3107344632768362,0.2828315217391304,0.26277372262773724,-0.9706848478352572,0.64
274,Óscar Hernández,30.0,Aigles de Trois-Rivières,151.74672489082968,22,5,0,3,19,33,3,14,3,0.27786577181208055,-3.203885710814371,0.22900763358778625,0.33587786259541985,0.309726618705036,0.28125,-0.3203885710814371,0.19499999999999995
